Workbook

Sheet Base de Données
B1: ATLASCORP SA — BASE DE DONNÉES BUDGÉTAIRES 2024
B2: Suivi Budget vs Réalisé · 4 Départements · Exercice Janvier–Décembre 2024 · Montants en MAD
B4: Département | C4: Indicateur | D4: Jan | E4: Fév | F4: Mar | G4: Avr | H4: Mai | I4: Jun | J4: Jul | K4: Aoû | L4: Sep | M4: Oct | N4: Nov | O4: Déc | P4: Total Annuel | Q4: Écart Annuel | R4: Taux (%) | S4: Statut
B5: Ressources Humaines | C5: Budget Alloué | D5: 285000 | E5: 285000 | F5: 295000 | G5: 285000 | H5: 285000 | I5: 295000 | J5: 285000 | K5: 285000 | L5: 295000 | M5: 290000 | N5: 290000 | O5: 310000 | Q5: =SUM(D5:O5) | R5: =Q6-Q5 | S5: =IF(Q5<>0,Q6/Q5-1,0) | T5: ⚠ DÉPASSEMENT
C6: Réalisé | D6: 281000 | E6: 292000 | F6: 298000 | G6: 288000 | H6: 283000 | I6: 301000 | J6: 290000 | K6: 279000 | L6: 295000 | M6: 296000 | N6: 288000 | O6: 315000 | Q6: =SUM(D6:O6)
C7: Écart (R-B) | D7: =D6-D5 | E7: =E6-E5 | F7: =F6-F5 | G7: =G6-G5 | H7: =H6-H5 | I7: =I6-I5 | J7: =J6-J5 | K7: =K6-K5 | ... O7: =O6-O5 | Q7: =Q6-Q5
C8: Taux Réalisation | D8: =IF(D5<>0,D6/D5-1,0) | E8: =IF(E5<>0,E6/E5-1,0) | F8: =IF(F5<>0,F6/F5-1,0) | G8: =IF(G5<>0,G6/G5-1,0) | H8: =IF(H5<>0,H6/H5-1,0) | I8: =IF(I5<>0,I6/I5-1,0) | J8: =IF(J5<>0,J6/J5-1,0) | K8: =IF(K5<>0,K6/K5-1,0) | ... O8: =IF(O5<>0,O6/O5-1,0) | Q8: =IF(Q5<>0,Q6/Q5-1,0)
B10: Marketing & Communication | C10: Budget Alloué | D10: 180000 | E10: 180000 | F10: 200000 | G10: 220000 | H10: 220000 | I10: 200000 | J10: 160000 | K10: 160000 | L10: 180000 | M10: 200000 | N10: 210000 | O10: 250000 | Q10: =SUM(D10:O10) | R10: =Q11-Q10 | S10: =IF(Q10<>0,Q11/Q10-1,0) | T10: ⚠ DÉPASSEMENT
C11: Réalisé | D11: 172000 | E11: 188000 | F11: 215000 | G11: 238000 | H11: 245000 | I11: 198000 | J11: 155000 | K11: 162000 | L11: 192000 | M11: 222000 | N11: 228000 | O11: 285000 | Q11: =SUM(D11:O11)
C12: Écart (R-B) | D12: =D11-D10 | E12: =E11-E10 | F12: =F11-F10 | G12: =G11-G10 | H12: =H11-H10 | I12: =I11-I10 | J12: =J11-J10 | K12: =K11-K10 | ... O12: =O11-O10 | Q12: =Q11-Q10
C13: Taux Réalisation | D13: =IF(D10<>0,D11/D10-1,0) | E13: =IF(E10<>0,E11/E10-1,0) | F13: =IF(F10<>0,F11/F10-1,0) | G13: =IF(G10<>0,G11/G10-1,0) | H13: =IF(H10<>0,H11/H10-1,0) | I13: =IF(I10<>0,I11/I10-1,0) | J13: =IF(J10<>0,J11/J10-1,0) | K13: =IF(K10<>0,K11/K10-1,0) | ... O13: =IF(O10<>0,O11/O10-1,0) | Q13: =IF(Q10<>0,Q11/Q10-1,0)
B15: Production & Opérations | C15: Budget Alloué | D15: 520000 | E15: 520000 | F15: 540000 | G15: 510000 | H15: 510000 | I15: 550000 | J15: 530000 | K15: 530000 | L15: 545000 | M15: 520000 | N15: 520000 | O15: 560000 | Q15: =SUM(D15:O15) | R15: =Q16-Q15 | S15: =IF(Q15<>0,Q16/Q15-1,0) | T15: ⚠ DÉPASSEMENT
C16: Réalisé | D16: 518000 | E16: 531000 | F16: 558000 | G16: 512000 | H16: 525000 | I16: 572000 | J16: 548000 | K16: 562000 | L16: 571000 | M16: 535000 | N16: 542000 | O16: 580000 | Q16: =SUM(D16:O16)
C17: Écart (R-B) | D17: =D16-D15 | E17: =E16-E15 | F17: =F16-F15 | G17: =G16-G15 | H17: =H16-H15 | I17: =I16-I15 | J17: =J16-J15 | K17: =K16-K15 | ... O17: =O16-O15 | Q17: =Q16-Q15
C18: Taux Réalisation | D18: =IF(D15<>0,D16/D15-1,0) | E18: =IF(E15<>0,E16/E15-1,0) | F18: =IF(F15<>0,F16/F15-1,0) | G18: =IF(G15<>0,G16/G15-1,0) | H18: =IF(H15<>0,H16/H15-1,0) | I18: =IF(I15<>0,I16/I15-1,0) | J18: =IF(J15<>0,J16/J15-1,0) | K18: =IF(K15<>0,K16/K15-1,0) | ... O18: =IF(O15<>0,O16/O15-1,0) | Q18: =IF(Q15<>0,Q16/Q15-1,0)
B20: IT / Digital | C20: Budget Alloué | D20: 150000 | E20: 150000 | F20: 160000 | G20: 150000 | H20: 150000 | I20: 160000 | J20: 150000 | K20: 150000 | L20: 160000 | M20: 155000 | N20: 155000 | O20: 175000 | Q20: =SUM(D20:O20) | R20: =Q21-Q20 | S20: =IF(Q20<>0,Q21/Q20-1,0) | T20: ✅ OK
C21: Réalisé | D21: 148000 | E21: 152000 | F21: 158000 | G21: 147000 | H21: 153000 | I21: 162000 | J21: 145000 | K21: 149000 | L21: 155000 | M21: 159000 | N21: 157000 | O21: 172000 | Q21: =SUM(D21:O21)
C22: Écart (R-B) | D22: =D21-D20 | E22: =E21-E20 | F22: =F21-F20 | G22: =G21-G20 | H22: =H21-H20 | I22: =I21-I20 | J22: =J21-J20 | K22: =K21-K20 | ... O22: =O21-O20 | Q22: =Q21-Q20
C23: Taux Réalisation | D23: =IF(D20<>0,D21/D20-1,0) | E23: =IF(E20<>0,E21/E20-1,0) | F23: =IF(F20<>0,F21/F20-1,0) | G23: =IF(G20<>0,G21/G20-1,0) | H23: =IF(H20<>0,H21/H20-1,0) | I23: =IF(I20<>0,I21/I20-1,0) | J23: =IF(J20<>0,J21/J20-1,0) | K23: =IF(K20<>0,K21/K20-1,0) | ... O23: =IF(O20<>0,O21/O20-1,0) | Q23: =IF(Q20<>0,Q21/Q20-1,0)
B25: TOTAL GLOBAL | C25: Budget Total | D25: =D5+D10+D15+D20 | E25: =E5+E10+E15+E20 | F25: =F5+F10+F15+F20 | G25: =G5+G10+G15+G20 | H25: =H5+H10+H15+H20 | I25: =I5+I10+I15+I20 | J25: =J5+J10+J15+J20 | K25: =K5+K10+K15+K20 | ... O25: =O5+O10+O15+O20 | Q25: =SUM(D25:O25)
C26: Réalisé Total | D26: =D6+D11+D16+D21 | E26: =E6+E11+E16+E21 | F26: =F6+F11+F16+F21 | G26: =G6+G11+G16+G21 | H26: =H6+H11+H16+H21 | I26: =I6+I11+I16+I21 | J26: =J6+J11+J16+J21 | K26: =K6+K11+K16+K21 | ... O26: =O6+O11+O16+O21 | Q26: =SUM(D26:O26)
C27: Écart Total | D27: =D26-D25 | E27: =E26-E25 | F27: =F26-F25 | G27: =G26-G25 | H27: =H26-H25 | I27: =I26-I25 | J27: =J26-J25 | K27: =K26-K25 | ... O27: =O26-O25 | Q27: =Q26-Q25
C28: Taux Global | D28: =IF(D26<>0,D27/D26-1,0) | E28: =IF(E26<>0,E27/E26-1,0) | F28: =IF(F26<>0,F27/F26-1,0) | G28: =IF(G26<>0,G27/G26-1,0) | H28: =IF(H26<>0,H27/H26-1,0) | I28: =IF(I26<>0,I27/I26-1,0) | J28: =IF(J26<>0,J27/J26-1,0) | K28: =IF(K26<>0,K27/K26-1,0) | ... O28: =IF(O26<>0,O27/O26-1,0) | Q28: =IF(Q26<>0,Q27/Q26-1,0)

Sheet KPI
B1: ATLASCORP SA — INDICATEURS CLÉS DE PERFORMANCE 2024
B2: Direction Administrative et Financière · Exercice Janvier–Décembre 2024
B5: INDICATEURS GLOBAUX
B6: BUDGET TOTAL ALLOUÉ | C6: RÉALISÉ TOTAL | D6: ÉCART GLOBAL | E6: TAUX DE DÉPASSEMENT GLOBAL
B7: ='Base de Données'!Q5 | C7: ='Base de Données'!Q10 | D7: ='Base de Données'!Q15 | E7: =IF('Base de Données'!Q5<>0,'Base de Données'!Q10/'Base de Données'!Q5-1,0)
B8: Budget consolidé — 4 départements | C8: Dépenses effectives 2024 | D8: +2,50% au-dessus du budget | E8: Réalisé / Budget − 1
B9: Exercice 2024 | D9: 3 depts en dépassement | E9: Objectif : < 0%
B11: KPI PAR DÉPARTEMENT
B12: Département | C12: Budget Annuel | D12: Réalisé Annuel | E12: Écart Annuel | F12: Taux & Risque
B13: Ressources Humaines | C13: ='Base de Données'!Q5 | D13: ='Base de Données'!Q6 | E13: =D13-C13 | F13: =IF(C13<>0,D13/C13-1,0)
B14: Marketing & Communication | C14: ='Base de Données'!Q20 | D14: ='Base de Données'!Q21 | E14: =D14-C14 | F14: =IF(C14<>0,D14/C14-1,0)
B15: Production & Opérations | C15: ='Base de Données'!Q35 | D15: ='Base de Données'!Q36 | E15: =D15-C15 | F15: =IF(C15<>0,D15/C15-1,0)
B16: IT / Digital | C16: ='Base de Données'!Q50 | D16: ='Base de Données'!Q51 | E16: =D16-C16 | F16: =IF(C16<>0,D16/C16-1,0)
B17: TOTAL GLOBAL | C17: ='Base de Données'!Q5 | D17: ='Base de Données'!Q10 | E17: =D17-C17 | F17: =IF(C17<>0,D17/C17-1,0)
B19: ANALYSE & COMMENTAIRES
B20: ⚠ Marketing (+5,93%) | C20: Dépassements structurels liés aux événements religieux. Révision budgétaire recommandée avec provision calendaire.
B21: ⚠ Production (+3,13%) | C21: Volatilité des coûts matières et énergie. Mise en place de couvertures de risque à étudier pour 2025.
B22: ▲ Ressources Humaines (+0,60%) | C22: Dépassement contenu — accélération des recrutements en T4. Processus d'avenant budgétaire à formaliser.
B23: ✔ IT / Digital (−0,43%) | C23: Modèle de discipline budgétaire à généraliser. Économies réalisées sur les licences cloud.
B25: Source : Base de données AtlasCorp SA · DAF · Exercice 2024 · Document confidentiel

Sheet Graphiques
A1: ATLASCORP SA — VISUALISATIONS BUDGÉTAIRES 2024
A2: Budget vs Réalisé · Répartition par département · Évolution mensuelle · Analyse trimestrielle
A47: Graphe 1 — Barres groupées : comparaison directe Budget vs Réalisé pour chaque département. Production (6,3M) et RH (3,5M) dominent le budget. | M47: Graphe 2 — Courbe mensuelle : suivi de l'évolution du réalisé mois par mois. Pics Marketing en T2 (Ramadan) et T4 (fin d'année).
A48: Graphe 3 — Camembert : répartition structurelle du budget. Production représente 45% du budget total consolidé. | M48: Graphe 4 — Barres empilées : écarts cumulés par trimestre. T4 est le trimestre le plus déficitaire (+199K MAD global).
A50: AtlasCorp SA · Direction Administrative et Financière · Casablanca, Maroc · Exercice 2024 · Document confidentiel
A55: Département | B55: Budget (MAD) | C55: Réalisé (MAD) | E55: Mois | F55: Budget Global | G55: RH Réalisé | H55: Marketing Réalisé | I55: Production Réalisé | J55: IT Réalisé | L55: Département | M55: Budget | O55: Trimestre | P55: Ressources Humaines | Q55: Marketing & Communication | R55: Production & Opérations | S55: IT / Digital
A56: Ressources Humaines | B56: 3485000 | C56: 3506000 | E56: Jan | F56: 1135000 | G56: 281000 | H56: 172000 | I56: 518000 | J56: 148000 | L56: Ressources Humaines | M56: 3485000 | O56: T1 | P56: 6000 | Q56: 15000 | R56: 27000 | S56: -2000
A57: Marketing & Communication | B57: 2360000 | C57: 2500000 | E57: Fév | F57: 1135000 | G57: 292000 | H57: 188000 | I57: 531000 | J57: 152000 | L57: Marketing & Communication | M57: 2360000 | O57: T2 | P57: 7000 | Q57: 41000 | R57: 39000 | S57: 2000
A58: Production & Opérations | B58: 6355000 | C58: 6554000 | E58: Mar | F58: 1195000 | G58: 298000 | H58: 215000 | I58: 558000 | J58: 158000 | L58: Production & Opérations | M58: 6355000 | O58: T3 | P58: -1000 | Q58: 9000 | R58: 76000 | S58: -11000
A59: IT / Digital | B59: 1865000 | C59: 1857000 | E59: Avr | F59: 1165000 | G59: 288000 | H59: 238000 | I59: 512000 | J59: 147000 | L59: IT / Digital | M59: 1865000 | O59: T4 | P59: 9000 | Q59: 75000 | R59: 57000 | S59: 3000
E60: Mai | F60: 1165000 | G60: 283000 | H60: 245000 | I60: 525000 | J60: 153000
E61: Jun | F61: 1205000 | G61: 301000 | H61: 198000 | I61: 572000 | J61: 162000
E62: Jul | F62: 1125000 | G62: 290000 | H62: 155000 | I62: 548000 | J62: 145000
E63: Aoû | F63: 1125000 | G63: 279000 | H63: 162000 | I63: 562000 | J63: 149000
E64: Sep | F64: 1180000 | G64: 295000 | H64: 192000 | I64: 571000 | J64: 155000
E65: Oct | F65: 1165000 | G65: 296000 | H65: 222000 | I65: 535000 | J65: 159000
E66: Nov | F66: 1175000 | G66: 288000 | H66: 228000 | I66: 542000 | J66: 157000
E67: Déc | F67: 1295000 | G67: 315000 | H67: 285000 | I67: 580000 | J67: 172000
